id,level,group,en,cn
US5Chepvq7HE8CuIICbESw==,xuTnOixn6riZUc8sioLL5A==,qpIaNd2s0WS/ndWM47J4cQ==,fdxj/Wj0wc7EaH3hjKaP/A==,KADdNx4YpWYGN3XrMPBKDA==
PLya3sHAwPp0j81R78VIMA==,xuTnOixn6riZUc8sioLL5A==,qpIaNd2s0WS/ndWM47J4cQ==,6sdxy6h3k//wTqfg31DU4g==,dGs8oc0PySpzk9ISyt6xkw==
e9QrD/tzYHtZAE2zWplP1Q==,xuTnOixn6riZUc8sioLL5A==,qpIaNd2s0WS/ndWM47J4cQ==,YmoIuvVLatpV11AsaQBjUQ==,IqmBVFkqdIj+usrfWfhu4Q==
/M6t3duZCgiAbg6wMwNcTg==,xuTnOixn6riZUc8sioLL5A==,qpIaNd2s0WS/ndWM47J4cQ==,S1AVmCrNi8BiB64vyKTd6Q==,W83TC54bnJ8foUFJCHA8ZQ==
1EQBycBsNcmdnv7DzPE/mw==,xuTnOixn6riZUc8sioLL5A==,qpIaNd2s0WS/ndWM47J4cQ==,M+PN3OWMWXgxHFZPvcpz/A==,nEuWu/mjkGwMXgsPc4M87Q==
dZDfo5fICgjYp1i1rD/2NA==,xuTnOixn6riZUc8sioLL5A==,qpIaNd2s0WS/ndWM47J4cQ==,Rzt36MDXdp5kDxA9jIOLww==,UGU1X0x1dHz7+OMB6pKQCA==
TRfUGxU+55wwzV6dz2Segg==,xuTnOixn6riZUc8sioLL5A==,qpIaNd2s0WS/ndWM47J4cQ==,3I6yqz5ktTREqSc8+J27xw==,Qv0Kc8Quz4RGOMq/gQGGWw==
8BuiuM1kgs+buOQwpGa02Q==,xuTnOixn6riZUc8sioLL5A==,qpIaNd2s0WS/ndWM47J4cQ==,QKmUeVCGVZhb4E7cYMCK1J8txPgzELmbc/EKYTV5NQc=,2hyHjz+sRcGp7HtrfKdexw==
h9IEvOQfyVAZhsChwRvWPg==,yxk4N+FIKh1WsQnuApUt6w==,US5Chepvq7HE8CuIICbESw==,dccIetNGiYsm0V1lKV/q3w==,uch8vZdzqVqwO/cPwxzvZA==
9bA/Ii1FktEAW0dYvbxizg==,yxk4N+FIKh1WsQnuApUt6w==,US5Chepvq7HE8CuIICbESw==,DR4aZ8RblyYZx3VzTfjaeQ==,U1utlhf9S4jwdLuu89m4hQ==
ww3Ihp/IekhIKpV2xlfncA==,yxk4N+FIKh1WsQnuApUt6w==,US5Chepvq7HE8CuIICbESw==,kx3xGbxJBkbzKz4IEwUj+g==,9mk2TcEEqusO8Z6gvjz/Ag==
y73BUH13Gu9jbqcxuvPXuQ==,yxk4N+FIKh1WsQnuApUt6w==,US5Chepvq7HE8CuIICbESw==,umZ5GHZRv5uVytz8YiI1Pg==,i/0/Ivz9H7UfEpX6dFgPMA==
LNLKp3i4SmAaRkaj1OAJFg==,yxk4N+FIKh1WsQnuApUt6w==,US5Chepvq7HE8CuIICbESw==,LNLKp3i4SmAaRkaj1OAJFg==,9JtMWFMM7wZoezFMO1q8SA==
B60byrPcdKqUXi55MOqvjg==,yxk4N+FIKh1WsQnuApUt6w==,US5Chepvq7HE8CuIICbESw==,B60byrPcdKqUXi55MOqvjg==,ymQvhEAz99quhEy4l1nGWQ==
hZd8kWhUi7oZGmJ0yngHpQ==,yxk4N+FIKh1WsQnuApUt6w==,PLya3sHAwPp0j81R78VIMA==,un6H+esuaIRO3D6hur9M2w==,/+zZ8aTp4Baip/o+KZk4OA==
wrp4EPhbiYC13SUNePhLpA==,yxk4N+FIKh1WsQnuApUt6w==,PLya3sHAwPp0j81R78VIMA==,6dI0Kczp0cHe0Y6jdNsDdQ==,Ul8eBe8gURwNKmYgbElNFQ==
+KCI7pFEIM3mk6yufbkNGA==,yxk4N+FIKh1WsQnuApUt6w==,PLya3sHAwPp0j81R78VIMA==,zWVbWKm52jrPM3w8Wbh4kQ==,9kwRvaTeQBN99/Wpl50BGQ==
mLoTCAt55jSgCI5IvNBiOg==,yxk4N+FIKh1WsQnuApUt6w==,PLya3sHAwPp0j81R78VIMA==,P3XaJF/ND9L3qdk9K+N8cg==,FZZ0OAqlQGtrbqQRgLEqSQ==
d0nuJVI62i3T6jS5lS/zBA3SVgXQ87DwMGQkQoVMbeA=,yxk4N+FIKh1WsQnuApUt6w==,e9QrD/tzYHtZAE2zWplP1Q==,NPNHKkfHS4+slEp8ZuGfzBKSklFrEmO/cQpqNGKNvpM=,bXSMI1iX+JNd1Vs9I1oemA==
ATHIklAfoiHLUNZSagOG8A==,yxk4N+FIKh1WsQnuApUt6w==,e9QrD/tzYHtZAE2zWplP1Q==,u+8DBTb3aVREJnjBeDXjgg==,0BARr2g8cf4pcAyUa/dwPA==
RjU1F9o4M9mneMhvMIXHgN2cPWPLGuapEWpvbPOFDVc=,yxk4N+FIKh1WsQnuApUt6w==,e9QrD/tzYHtZAE2zWplP1Q==,w/Z6g5J4xs1BuK9C+59u03AS92hvBdhGf6KsRgkvvnk=,SacOkbMIkwPmg16qBP1ecg==
RFwu9nLdn50bf0dPibFeUg==,yxk4N+FIKh1WsQnuApUt6w==,dZDfo5fICgjYp1i1rD/2NA==,Ty71UNGWF5VHIVu7vyY3bw==,xATQaBIwJcl/Knb0DO1jGQ==
OzYikLoC+Le+AFYlWlHSIA==,yxk4N+FIKh1WsQnuApUt6w==,dZDfo5fICgjYp1i1rD/2NA==,BTT0nqCTtrMHg3ivnzjkyA==,+1+TZ9ql+FrsiG0+o8h1aw==
3aRY2amsl860xRDa03zrhxB1WEBSEOa343tIiPAUdV8=,yxk4N+FIKh1WsQnuApUt6w==,dZDfo5fICgjYp1i1rD/2NA==,vPWq3BMXjwpMI/EfZkOBD7WSxRWkHYIBT3C4Xuslkk0=,rxJVV6fiI5/n/E2A1lyGfg==
4UfjeoEI5gIdcqgH3+svmQ==,yxk4N+FIKh1WsQnuApUt6w==,/M6t3duZCgiAbg6wMwNcTg==,8jtuWKKb5ybgYv3bcIoo6w==,h1KuyIuxK6nUlM4akiVppA==
NjJpldFPzmMr+6+9ajHTOA==,yxk4N+FIKh1WsQnuApUt6w==,/M6t3duZCgiAbg6wMwNcTg==,OjMwNRmt9m4MoJSKpCkrgg==,jVcIKRQso/eubkuhW1tUnQ==
D8jXz4k8a6pN79he54YDPaVpg24A1mgZiMwtHQP14GE=,yxk4N+FIKh1WsQnuApUt6w==,/M6t3duZCgiAbg6wMwNcTg==,huZ9kTNCDDwM1EZM4xqn7vpUM4iRKyQuf2A3luq6NBE=,hpwixhbXtvAAgys1rVzRkqS78ZxUEgteGXOrvxp9xqg=
26AgghDmPmKgUlNpULrOXg==,yxk4N+FIKh1WsQnuApUt6w==,TRfUGxU+55wwzV6dz2Segg==,XWhEsA0v34Dhpjf6t3UtuQ==,jzaEkOuxN/fa+tueY/OFrw==
OibmtwZ89uuKg3Ng4t4UXA==,yxk4N+FIKh1WsQnuApUt6w==,TRfUGxU+55wwzV6dz2Segg==,azdkn/miN08S1ed/3mCGBQ==,RGSD0uOJmfksW6gzbsIrrQ==
3emFiGCdPKIdvNl/GV+EnQ==,yxk4N+FIKh1WsQnuApUt6w==,TRfUGxU+55wwzV6dz2Segg==,biacggGCMxt0fFU8F2c8zw==,cicfKWV1t0nmjuty2XdKoQ==
C8F0Pk/a71zAqgbZNyt0GA==,yxk4N+FIKh1WsQnuApUt6w==,TRfUGxU+55wwzV6dz2Segg==,rZJXRYK9niFl/NzZ06UnoA==,n9wYn7SRRY5W8qbJC+AWGw==
oeUsbEtaLNEIliPVCGwm3w==,yxk4N+FIKh1WsQnuApUt6w==,8BuiuM1kgs+buOQwpGa02Q==,/OxOgEIkFz7z7nhndntanw==,7ak7trMSXVQUv1SG/BdTJg==
1FoLOvnp1LNFtnXvzU07Nw==,yxk4N+FIKh1WsQnuApUt6w==,8BuiuM1kgs+buOQwpGa02Q==,+/3R2uH1cDk/mMPgnZGi+Q==,9YN36MSi4ff5UgfAlZFSjw==